{"cameraMode":{"drawMode":0,"name":"Shaded","section":"Shading Mode"},"sceneLighting":true,"audioPlay":false,"sceneViewState":{"m_AlwaysRefresh":false,"showFog":true,"showSkybox":true,"showFlares":true,"showImageEffects":true,"showParticleSystems":true,"showVisualEffectGraphs":true,"m_FxEnabled":true},"in2DMode":false,"pivot":{"x":26.850566864013673,"y":0.890548825263977,"z":-3.6106741428375246},"rotation":{"x":-0.002263047033920884,"y":-0.9889329671859741,"z":0.1485547125339508,"w":-0.010779904201626778},"size":1.9421379566192628,"orthographic":false}