{"cameraMode":{"drawMode":0,"name":"Shaded","section":"Shading Mode"},"sceneLighting":true,"audioPlay":false,"sceneViewState":{"m_AlwaysRefresh":false,"showFog":true,"showSkybox":true,"showFlares":true,"showImageEffects":true,"showParticleSystems":true,"showVisualEffectGraphs":true,"m_FxEnabled":true},"in2DMode":false,"pivot":{"x":26.831621170043947,"y":1.6175214052200318,"z":-6.036124229431152},"rotation":{"x":-0.0025818648282438518,"y":-0.9976409673690796,"z":-0.06230480223894119,"w":0.031502388417720798},"size":2.1875927448272707,"orthographic":false}