{"cameraMode":{"drawMode":0,"name":"Shaded","section":"Shading Mode"},"sceneLighting":true,"audioPlay":false,"sceneViewState":{"m_AlwaysRefresh":false,"showFog":true,"showSkybox":true,"showFlares":true,"showImageEffects":true,"showParticleSystems":true,"showVisualEffectGraphs":true,"m_FxEnabled":true},"in2DMode":false,"pivot":{"x":9.442866325378418,"y":1.068583607673645,"z":-18.801362991333009},"rotation":{"x":0.023834802210330964,"y":-0.8921619653701782,"z":0.04777089133858681,"w":0.44867485761642458},"size":4.96711540222168,"orthographic":false}