{"cameraMode":{"drawMode":0,"name":"Shaded","section":"Shading Mode"},"sceneLighting":true,"audioPlay":false,"sceneViewState":{"m_AlwaysRefresh":false,"showFog":true,"showSkybox":true,"showFlares":true,"showImageEffects":true,"showParticleSystems":true,"showVisualEffectGraphs":true,"m_FxEnabled":true},"in2DMode":false,"pivot":{"x":2.038308620452881,"y":2.081740617752075,"z":1.8613470792770386},"rotation":{"x":-0.013078451156616211,"y":0.9745297431945801,"z":-0.21599659323692323,"w":-0.05948714166879654},"size":0.43229228258132937,"orthographic":false}