{"cameraMode":{"drawMode":0,"name":"Shaded","section":"Shading Mode"},"sceneLighting":true,"audioPlay":false,"sceneViewState":{"m_AlwaysRefresh":false,"showFog":true,"showSkybox":true,"showFlares":true,"showImageEffects":true,"showParticleSystems":true,"showVisualEffectGraphs":true,"m_FxEnabled":true},"in2DMode":false,"pivot":{"x":27.548664093017579,"y":14.92673397064209,"z":-28.969694137573243},"rotation":{"x":-0.27630436420440676,"y":0.38915643095970156,"z":-0.12360581010580063,"w":-0.8700449466705322},"size":1.0677077770233155,"orthographic":false}