{"cameraMode":{"drawMode":0,"name":"Shaded","section":"Shading Mode"},"sceneLighting":true,"audioPlay":false,"sceneViewState":{"m_AlwaysRefresh":false,"showFog":true,"showSkybox":true,"showFlares":true,"showImageEffects":true,"showParticleSystems":true,"showVisualEffectGraphs":true,"m_FxEnabled":true},"in2DMode":false,"pivot":{"x":801.0118408203125,"y":798.947998046875,"z":-405.15167236328127},"rotation":{"x":0.13217346370220185,"y":0.07346970587968826,"z":-0.009657843969762326,"w":0.9885112643241882},"size":219.61981201171876,"orthographic":false}