{"cameraMode":{"drawMode":0,"name":"Shaded","section":"Shading Mode"},"sceneLighting":true,"audioPlay":false,"sceneViewState":{"m_AlwaysRefresh":false,"showFog":true,"showSkybox":true,"showFlares":true,"showImageEffects":true,"showParticleSystems":true,"showVisualEffectGraphs":true,"m_FxEnabled":true},"in2DMode":false,"pivot":{"x":26.818622589111329,"y":1.6175214052200318,"z":-6.035284519195557},"rotation":{"x":-0.002675319090485573,"y":-0.9975926280021668,"z":-0.06230086088180542,"w":0.032998815178871158},"size":2.1875927448272707,"orthographic":false}