{"cameraMode":{"drawMode":0,"name":"Shaded","section":"Shading Mode"},"sceneLighting":true,"audioPlay":false,"sceneViewState":{"m_AlwaysRefresh":false,"showFog":true,"showSkybox":true,"showFlares":true,"showImageEffects":true,"showParticleSystems":true,"showVisualEffectGraphs":true,"m_FxEnabled":true},"in2DMode":false,"pivot":{"x":-1.1899707317352296,"y":-11.806343078613282,"z":11.224695205688477},"rotation":{"x":-0.19110015034675599,"y":0.3289494216442108,"z":-0.06815981864929199,"w":-0.9223026633262634},"size":25.763050079345704,"orthographic":false}